<?xml version="1.0" encoding="UTF-8"?>
<project-private xmlns="http://www.netbeans.org/ns/project-private/1">
    <editor-bookmarks xmlns="http://www.netbeans.org/ns/editor-bookmarks/2" lastBookmarkId="0"/>
    <open-files xmlns="http://www.netbeans.org/ns/projectui-open-files/2">
        <group>
            <file>file:/U:/teaching/CSC1130/2017-2018Fall/Assignment/Assignment3/CSP/src/csp/ConstraintInputBox.java</file>
            <file>file:/U:/teaching/CSC1130/2017-2018Fall/Assignment/Assignment3/CSP/src/csp/CSPSolver.java</file>
            <file>file:/U:/teaching/CSC1130/2017-2018Fall/Assignment/Assignment3/CSP/src/csp/Constraint.java</file>
        </group>
    </open-files>
</project-private>
